team,score
LosModelos,1351.4263592021673
RunwayProphets,1370.8074098890927
FourOFour,1875.4711418958477
berliners,2379.104928524933
Fly-by-coders,4224.4747793988645
Centerline,14163.21032280066
RAD,16751.74733520991
RedefineBias,21527.452120047703
resultados_DayZero,44178.81058923231
UMKA.CO_result,312297.59431421687
